path_name,size
/assets/_baseUniq-D8p680it.js,8508
/assets/About-Du8awGjj.js,7005
/assets/AdminBlog-DWAasalD.js,11250
/assets/AdminLogin-BwR1faDb.js,3132
/assets/AgentChat-BqZoMwCA.js,33905
/assets/agents-CQf0yPJW.js,1991
/assets/alert-dialog-KwosQGy6.js,4834
/assets/arc-BIC4FAnv.js,3420
/assets/architectureDiagram-VXUJARFQ-C2nkPRVj.js,148878
/assets/arrow-left-EmjDa5rj.js,333
/assets/arrow-right-B-MI3-Hx.js,333
/assets/Assessment-DNaG5tva.js,43950
/assets/band-CquvqAHh.js,1541
/assets/BlobBackground-DvC3L_Ft.js,1135
/assets/blockDiagram-VD42YOAC-Bx7V5XbU.js,73318
/assets/Blog-CccbOjvx.js,2752
/assets/BlogPostDetails-CzZnsodm.js,4307
/assets/bot-n3138irG.js,497
/assets/brain-DyVqyJ8T.js,898
/assets/BrandAnalyst-BjSqliP7.js,1425
/assets/c4Diagram-YG6GDRKO-BEeBS2np.js,70305
/assets/Calculator-CeBcOo8_.js,20257
/assets/calculator-D2nYvzdb.js,699
/assets/calendar-ChG5iEa0.js,426
/assets/CampaignManagement-CMbmeMPP.js,4571
/assets/Capabilities-i0WNVwWp.js,9470
/assets/card-Blx1AcIO.js,1081
/assets/channel-Cln2LrK7.js,108
/assets/checkbox-BOktwg04.js,3948
/assets/chevron-left-DfcrRuye.js,298
/assets/chunk-4BX2VUAB-BrzbO6j0.js,292
/assets/chunk-55IACEB6-DHyQ5O0f.js,225
/assets/chunk-B4BG7PRW-BRC83E6S.js,45399
/assets/chunk-DI55MBZ5-HM9ol-t5.js,36793
/assets/chunk-FMBD7UC4-Q7zibPdS.js,361
/assets/chunk-QN33PNHL-CsVPstei.js,527
/assets/chunk-QZHKN3VN-DR9P76bf.js,188
/assets/chunk-TZMSLE5B-nfa91wC9.js,1408
/assets/circle-alert-1ejlY293.js,418
/assets/circle-check-DmXJNMnD.js,346
/assets/citizen-CwbPfV7Z.webp,1050214
/assets/citizen-l20-BoH1pmNr.webp,78799
/assets/citizen-l20-new-Cgn6IvUT.png,80388
/assets/citizen-m32-new-BB1dnhts.png,110030
/assets/citizen-m32-new-CdMAWKJ9.js,63
/assets/citizen-new-CIV3azIp.png,1013816
/assets/classDiagram-2ON5EDUG-C1oocrAW.js,591
/assets/classDiagram-v2-WZHVMYZB-C1oocrAW.js,591
/assets/cleanroom-DeoFZwGA.js,58
/assets/cleanroom-hero-CgLQginU.webp,1239373
/assets/cleanroom-U2DZnEJP.webp,1274171
/assets/Clients-BWKmGDk9.js,7414
/assets/clock-Deydd-EN.js,352
/assets/clone-D5yFi7Cx.js,92
/assets/cog-Bm4BaIrO.js,879
/assets/Contact-Bnw0fd29.js,23028
/assets/contact-hero-m-q_Jx2t.svg,3622468
/assets/ContentApproval-1pDLKCm0.js,111882
/assets/ContentCalendar-Dtr3rtgD.js,106356
/assets/ContentOrchestrator-DqRHN924.js,5853
/assets/copy-BHv4i0HA.js,405
/assets/Copywriter-D5DNeeg2.js,1417
/assets/cortadora-ozfn2564.webp,810714
/assets/cose-bilkent-S5V4N54A-PnjZNJtP.js,81707
/assets/cpmh-new-CvBgyGUH.png,26781
/assets/cytoscape.esm-CyJtwmzi.js,442413
/assets/dagre-6UL2VRFP-BAj1Qyhl.js,11417
/assets/DashboardOverview-qqB8FogV.js,367355
/assets/defaultLocale-C4B-KCzX.js,4547
/assets/dental-angulados-BrWIVp2q.png,1185101
/assets/dental-components-correct-Die3CjF8.webp,76964
/assets/dental-fresas-optimized-CRqQTYsj.png,69509
/assets/dental-implante-optimized-TnoudVb6.png,40706
/assets/dental-implants-diagram-DEgmvvo8.webp,754706
/assets/dental-instrumentos-optimized-ZE3Dbvb3.png,60031
/assets/dental-instruments-hero-BO6VD5Kf.webp,71635
/assets/Designer-Bpyr9tUN.js,1415
/assets/diagram-PSM6KHXK-Bq_IrzA8.js,16115
/assets/diagram-QEK2KX5R-CrRFTMi_.js,6183
/assets/diagram-S2PKOQOG-nNbJyopI.js,4465
/assets/dialog-PbNJ1JaC.js,2231
/assets/DNA3D-ig2ajeRI.js,2234
/assets/doosan-new-BChu1pmX.png,881129
/assets/doosan-new-DuCNtvUd.js,58
/assets/download-BD3QMN7Q.js,431
/assets/drill-guide-GlnBhSAN.webp,37673
/assets/electropolish-line-DjyPARcB.webp,1519230
/assets/electropolish-line-DKT354vR.js,62
/assets/electropolish-line-new-Dhqj2Vns.png,1054345
/assets/embutidora-D-DwysKI.webp,707392
/assets/EnvironmentAssets-CRzzSH3K.js,9589
/assets/erDiagram-Q2GNP2WA---vSH3TU.js,25499
/assets/evolve-new-6o7Tb5wD.png,7624
/assets/exterior-hero-BBwIvjb-.webp,1668497
/assets/factory-hero-full-DWoHcZCM.js,60
/assets/FatigueValidationGuide-qRyP8GfW.js,15253
/assets/fgm-new-BM07uOJv.png,27431
/assets/flowDiagram-NV44I4VS-C3uwL0e9.js,61271
/assets/format-CfYgxoKk.js,20765
/assets/Gallery-CGEmd5Ud.js,24831
/assets/ganttDiagram-JELNMOA3-DKL-DLXS.js,53367
/assets/gitGraphDiagram-NY62KEGX-Cx3k7ULu.js,24854
/assets/globe-DVjiP04u.js,411
/assets/gmi-new-EBQqa8l0.png,18094
/assets/graph-524Qr1L6.js,9365
/assets/hardness-vickers-BbeCDbmH.webp,858403
/assets/hcs-new-COPj4_Kz.png,16903
/assets/Home-DA_UCZ2i.js,51184
/assets/image-C5jCtP-y.js,438
/assets/implanfix-new-CQUxvW_K.png,37537
/assets/impol-new-D6oo9C-s.png,66380
/assets/index-C5PLfPBO.css,133414
/assets/index-N2YFh7Af.js,327172
/assets/index-RSsPLaPE.js,117446
/assets/infoDiagram-WHAUD3N6-Dy8sZmD8.js,816
/assets/init-Dmth1JHB.js,377
/assets/input-BwYOMojt.js,660
/assets/iol-new-DIAqt7sm.png,38589
/assets/iso-BHIh70DR.webp,719313
/assets/isSameDay-DnOwMPSa.js,208
/assets/JobMonitor-DgEtc1E1.js,10516
/assets/journeyDiagram-XKPGCS4Q-DxnYEefh.js,23716
/assets/kanban-definition-3W4ZIXB7-CgHjdE6f.js,20761
/assets/katex-Cu_Erd72.js,265433
/assets/KnowledgeBase-C9eCs9K2.js,9818
/assets/lab-overview-WIT1ZQCQ.webp,1008745
/assets/label-D0cTeObv.js,670
/assets/laser-marking-BJDcn_hi.js,379
/assets/laser-marking-Bq1xB-8x.webp,811716
/assets/layout-B7W7O3Zi.js,29285
/assets/LeadMagnetStudio-BNHt5Mt_.js,12558
/assets/Leads-CDpnWc4S.js,28916
/assets/linear-DGECpK-G.js,5799
/assets/linkedin-kojk5cEq.js,463
/assets/LinkedInCarousel-Dkn9IJFQ.js,38012
/assets/loader-circle-D1gTQGX6.js,307
/assets/logo-optimized-BbWD8Rac.webp,641968
/assets/MagneticButton-CHLIgcXi.js,693
/assets/mail-C7HcUsRp.js,379
/assets/medens-new-B6RxxeB-.png,18145
/assets/medical-implants-diagram-Ckyx491M.webp,784296
/assets/medical-implants-diagram-enhanced-D0p69Nn_.webp,841740
/assets/medical-screw-hero-CneX8NC4.webp,310443
/assets/MedicalGlobe-BNi41Oaa.js,1654
/assets/Mermaid-mAac-06j.js,480341
/assets/microscope-9l5JNl6l.js,548
/assets/min-DhuzWGmx.js,589
/assets/mindmap-definition-VGOIOE7T-CS-5-Ily.js,21203
/assets/neoortho-new-BIeh8BOj.jpg,5949
/assets/NotFound-BC7Po4d8.js,665
/assets/obl-dental-new-B72Ilgj3.jpg,13812
/assets/olympus-microscope-5aa1yeN4.webp,1397556
/assets/optical-cnc-BVshzcEB.webp,765760
/assets/ordinal-DILIJJjt.js,1196
/assets/orthometric-new-BF9p67lg.png,21993
/assets/orthopedic-components-2-B9u3rHRK.png,1486697
/assets/orthopedic-components-Dbc0xa0r.png,17969
/assets/orthopedic-screws-optimized-DyJ4H9-G.webp,47817
/assets/ossea-new-eGDE_UF0.jpg,7276
/assets/pieDiagram-ADFJNKIX-Ci2oOeHT.js,5402
/assets/PitchDeck-C0kdlIli.js,34158
/assets/plenum-new-Iiv82MDt.png,27783
/assets/plus-CE9oNUxn.js,317
/assets/polimento-BQGukjj5.webp,728557
/assets/printer-CHDcoW1k.js,488
/assets/product-applications-Bj-QQGN9.png,1408965
/assets/ProductAssets-CEqrPawK.js,8763
/assets/ProductCatalog-B6lkv_CD.js,4996
/assets/ProductImageProcessor-Bs84DHL8.js,8646
/assets/Products-DeqBP8u1.js,9146
/assets/progress-OMHDIHca.js,2018
/assets/pt-BR-s-l4ZFNY.js,5895
/assets/quadrantDiagram-AYHSOK5B-B52wYRgG.js,34481
/assets/query-vendor-cung4RXO.js,39226
/assets/razek-new-BRwKGBJw.png,24095
/assets/react-new-DOPqtPNg.png,10936
/assets/react-vendor-DvP1o6WS.js,162622
/assets/reception-Byw2jluU.webp,1242518
/assets/reception-hero-WNPlZYFZ.webp,1210163
/assets/refresh-cw-B4XO7y19.js,489
/assets/RejectionAnalytics-MJ83NN5j.js,5945
/assets/requirementDiagram-UZGBJVZJ-BsNHQQEh.js,30424
/assets/Research-v9WD1nK6.js,4808
/assets/ResourceDetail-Cv8H1Aes.js,4444
/assets/Resources-cFRnb7eD.js,6214
/assets/robodrill-BuGW-rCD.js,149
/assets/robodrill-DyJFnuTg.webp,1113537
/assets/rotate-ccw-BUA3_TQ7.js,363
/assets/russer-new-D-Bc_xoC.png,19061
/assets/sankeyDiagram-TZEHDZUN-CHj3OAbv.js,22394
/assets/save-BJdTCW7F.js,491
/assets/scroll-area-R64oy9p7.js,12569
/assets/send-pN7inomm.js,454
/assets/sequenceDiagram-WL72ISMW-Bzhy0-4J.js,98350
/assets/share-2-C52T-WuJ.js,525
/assets/shield-Bkte2UnF.js,436
/assets/spinal-implants-optimized-pHtmmOHi.webp,51776
/assets/square-pen-gM2wt0cy.js,483
/assets/star-CFQhOfh_.js,636
/assets/stateDiagram-FKZM4ZOC-Bo8jv5aK.js,10544
/assets/stateDiagram-v2-4FDKWEC3-DtLiFiQc.js,557
/assets/string-Dx7P_S-w.js,19967
/assets/surgical-drills-optimized-B2o9SJ8e.webp,34126
/assets/surgical-instruments-DjitPh4X.jpg,610467
/assets/surgical-instruments-drill-bits-C2qsJjPR.png,1442561
/assets/surgical-instruments-measuring-CaXaphDL.png,1481630
/assets/surgical-instruments-new-wGQnYrMY.webp,1865178
/assets/surgical-instruments-set-2-Bo33J--z.png,1453675
/assets/surgical-parts-optimized-C11iKmYX.webp,51477
/assets/surgical-pins-optimized-CLYaDZKE.webp,38447
/assets/table-CClppwQV.js,1566
/assets/tabs-DJM6XGzY.js,1186
/assets/TCOCalculator-CZ7amatg.js,17603
/assets/techimport-new-K3gcTLfS.png,6674
/assets/textarea-BUO_weD_.js,562
/assets/three-vendor-gKy1l8_w.js,845120
/assets/time-ByyzYylg.js,15140
/assets/timeline-definition-IT6M3QCI-DfXTZoLm.js,23884
/assets/tiny-invariant-BaFNuDhB.js,76
/assets/toride-new-F4g5WNCT.png,8934
/assets/tornos-gt26-Bu3KgAwh.webp,1021492
/assets/trackAnalytics-BuMTQg4D.js,359
/assets/trash-2-D-6BmevN.js,526
/assets/traumec-new-BA7IAtC-.js,54
/assets/traumec-new-DTrTUn1_.png,17185
/assets/treemap-KMMF4GRG-BajKRbv2.js,374799
/assets/trending-down-DWi-gM4B.js,376
/assets/trending-up-C58LecV2.js,373
/assets/trepanation-drills-C50M9-pN.webp,38575
/assets/triangle-alert-B_Wzo26M.js,433
/assets/tulip-implants-fTbs0tlY.webp,42208
/assets/ui-vendor-Cb0eZf-1.js,123753
/assets/ultradent-new-CCEZuPlA.png,5531
/assets/useBlogPosts-CeLFUUGb.js,2301
/assets/user-BOqhVkDO.js,365
/assets/useResources-BFcaMeA3.js,900
/assets/users-CbtFQHzn.js,473
/assets/useScrollAnimation-CSidKigr.js,471
/assets/veterinary-implant-1-B4ywhOSP.js,125
/assets/veterinary-implant-1-BYtbu6qU.jpg,34091
/assets/veterinary-implant-2-I_bCYhk1.jpg,7499
/assets/veterinary-implants-3eiOUURw.jpg,90202
/assets/vincula-new-bHnLRWdt.js,912
/assets/vincula-new-DemnU10_.png,13635
/assets/walter-BxD2bJB-.webp,858534
/assets/WhatWeDo-DLIHKI17.js,5274
/assets/xychartDiagram-PRI3JC2R-DrHxAJUE.js,39143
/assets/zap-BzkA-K4d.js,820
/assets/zeiss-contura-CxJslh-t.webp,567309
/assets/zeiss-contura-DjtE8EVF.png,33463
/favicon.ico,7645
/index.html,7324
/placeholder.svg,3253
/robots.txt,160